name,mass,x-velocity,y-velocity,x-position,y-position
Sun,1988400 * 10**24,-15.586210333625814,0,0,-1382462440
Mercury,(0.3301*10**24),47360,0,0,(57.909*10**9)
Venus,4.8673*10**24,35020,0,0,108.210*10**9
Earth,(5.9722 * 10 ** 24),29780,0,0,(149.598 * 10**9)
Mars,0.64169*10**24,24080,0,0,227.956*10**9
Jupiter,1898.13*10**24,13060,0,0,778.479*10**9
